0	1	2	answer
怎么去启明学院	启明学院地点在哪	0	湖北省武汉市洪山区珞喻路1037号
启明学院地址是什么	启明学院地点在哪	0	学院现任领导院长：梁亮胜、陈刚、黄刚
启明学院地点在哪	启明学院地点在哪	0	"启明学院秉承""明德，厚学，求是，创新""的校训，遵循""育人为本、创新是魂、责任以行""的办学理念，把创新精神和实践能力作为培养拔尖创新人才的核心，致力于培养具有创新能力、创业精神和国际视野的未来杰出人才。
启明学院基本办学思路为""开放办学，创新机制，学科交叉，拔尖示范""。将以""开放式""办学的思路统领基本工作，以先进的教育理念为指导，建立有效的教育管理（包括选拔、评价、激励、约束等）机制，创立新的运行机制和多样化拔尖创新人才培养模式。围绕拔尖创新人才的培养目标，构建多学科交叉平台，加强学科间的交叉渗透和跨学科的合作与研究，为培养创新、创业型人才提供学科支撑。面向本科生，突出学生创新能力、创业精神和领导能力的培养，特别是实学创新人才的培养，以此推动面上的创新教育，为我国高等教育改革提供示范。
具体详细介绍见学校官网"
启明学院有院长吗	启明学院院长是谁	1	"深圳市德迅投资有限公司出资在华中科技大学启明学院设立“德迅奖学金”
创新实验班学生、学习特优生学年加权平均成绩在本班（本专业）前20%，创新团队学生加权平均成绩在本专业前30%（参加启德创新创业孵化项目的学生除外），评选当年无课程不及格情况的同学均可参与评选。具体详情见学校官网。"
陈刚是启明学院的院长吗	启明学院院长是谁	1	借用单位借用前，可登陆启明学院网站“开放平台-教室资源”栏查询报告厅、会议室、教室使用状态，确定可使用时间；下载填写《启明学院报告厅、会议室、教室借用申请表》（见附件）；经单位主管领导同意，在“申请单位意见”一栏签字盖章后，将该表交到启明学院亮胜楼202综合办公室。
启明学院院长是谁	启明学院院长是谁	1	1.美国斯坦福大学暑期/冬季双创课程学习；2.美国加州大学伯克利分校暑期/冬季双创课程学习；3.美国哈佛大学暑期双创课程学习；4.英国曼彻斯特大学暑期课程学习；5.密苏里科技大学EMC实验室暑期实习项目；6.休斯敦大学ECE系暑期实习项目；7.罗斯豪曼科技夏令营；8.台湾大同大学暑期研习营；具体详情见启明学院官网。
启明学院介绍	启明学院是什么	2	为贯彻“育人为本、创新是魂、责任以行”的办学理念，培养具有创新能力、创业精神和国际视野的未来杰出人才。选拔综合素质好、具有较强自主学习能力、实践能力、创新意识和发展潜力的本科生，进行重点培养，为他们脱颖而出营造创新教育的环境，对培养拔尖创新人才具有重要意义。详情见《华中科技大学启明学院学习特优生管理办法》http://qiming.hust.edu.cn/info/1092/2027.htm
启明培养拔尖创新人才的核心是什么	启明学院是什么	2	每周星期二、星期五为启明学院接待日时间（国家法定节假日及寒暑假除外）。接待方式主要为预约接待。如临时有特殊或重要事项来访，可以提前与启明学院电话联系沟通（联系人及联系方式附后）。详情见《启明学院关于实行预约接待制度的通知》http://qiming.hust.edu.cn/info/1114/1226.htm
启明学院是怎样建立的	启明学院是什么	2	1.学生自主：以学生为中心，学生自主学习、自主设计、自主管理，开发学生潜能，引导学生主动实践，主动寻找问题和解决问题。2.学科交叉：创建多学科交叉的育人环境，让不同学科的学生、教师进行团队学习、团队研究、团队合作。3.与业界结合：业界是大学教育生态不可或缺的重要部分，让教师、学生到业界中去，让业界优秀人士走进大学讲坛，共同培养创新人才。4.宏思维培养：拓宽学生的知识面，引导学生关注国家、民族、人类社会的重大问题，增强学生的责任感和整体意识，提高学生对社会重大问题的把握能力。
启明学院是什么	启明学院是什么	2	"创新团队是以本科生为主体的优秀学生研究团队，在启明学院平台上，开展基于问题、基于项目的研究性学习、主动实践等科技创新活动。目前的创新团队共18支，包括Dian团队
、智能机器人及智能系统仿真科技创新基地、电工电子科技创新中心、联创团队、生命科学与技术科技创新基地、大学生调查研究中心、冰岩作坊、医用图像系统研究团队、计算材料科学与测量模拟中心、WEsharp团队、数学建模科技创新基地、外国语3C团队、红树林策划创意团队、物理实验创新基地、记者团、GNG团队、机械创新基地、新能源与节能减排大学生创新活动基地"
启明学院奖学金要求	启明学院有奖学金吗	3	学院为学生研究型学习提供特别课程支持，建设方法类、交叉学科类、通识类、综合类等创新教育理论与实践系列化特别课程，将学生宏思维的培养与专业教育相结合，开拓学生视野，培养学生的宏观思维和创新思维。课程详情见http://qiming.hust.edu.cn/cxjy/tbkc.htm
怎样获得启明学院的奖金	启明学院有奖学金吗	3	启明学院有电工电子实验平台与机械加工实验平台等创客实验平台，详情见http://qiming.hust.edu.cn/kfpt/cksjpt1/dgdzsypt.htm
启明学院有奖学金吗	启明学院有奖学金吗	3	为实践科学发展观，推动创新教育改革，落实启明学院人才培养模式创新实验区改革计划，培养拔尖创新人才。学校定期举办创新教育论坛。详情见http://qiming.hust.edu.cn/cxwh/cxlt.htm
亮胜楼报告厅可以借用吗	怎么申请亮胜楼报告厅	4	"2007年12月18日，为探索创新人才培养新模式，努力培养厚基础、强能力、高素质的拔尖创新人才，学校决定筹建""华中科技大学长江学院""（现名“启明学院”），并成立筹建长江学院工作小组。小组组组长为许晓东，常务副组长为马建辉，副组长为刘玉，组员包括毛柏青、何俊佳、吴波、吴雄文、杨晓非、周艳红、郑军、项光亚、唐和清和黄瑞光等十人。"
亮胜楼报告厅怎么申请	怎么申请亮胜楼报告厅	4	表彰、宣传在启明学院人才培养工作中表现突出、取得突出成果、做出重大贡献的学生典型，为全校学生树立榜样，激励全体学生乐于学习，勤于实践，勇于创新，敢于承担，奋发成才，优化人才培养环境，为培养更多具有创新能力和国际视野的未来杰出人才做出积极贡献。
怎么申请亮胜楼报告厅	怎么申请亮胜楼报告厅	4	主动实践之星、发明创造之星、学科竞赛之星、科学研究之星、学科交叉之星、创新创业之星、社会责任之星、文化交流之星
启明学院有国际交流项目吗	启明学院有哪些国际交流项目	5	评比于每年9-10月进行
启明学院的国际交流工作进行的怎么样	启明学院有哪些国际交流项目	5	申报材料的科学性、创新性、真实性和可行性，以及申请人的资格等内容，除了申报材料的科学性、创新性、真实性还有什么要求
启明学院有哪些国际交流项目	启明学院有哪些国际交流项目	5	启明学院和院（系）
启明学院学习特优生的目标是什么	启明学院学习特优生是什么	6	启明学院直接管理
启明学院的优秀学生会得到怎样的资源	启明学院学习特优生是什么	6	有。项目研究时间过半，项目负责人应组织项目组成员填写《启明学院大学生自主创新项目中期检查表》，向启明学院提交相关材料，中期检查可采用项目组集中汇报或召开座谈交流会等形式进行。对逾期不参加中期检查的项目，启明学院可终止其项目
启明学院学习特优生是什么	启明学院学习特优生是什么	6	主要用于项目的调研差旅费、实验费、材料费、资料费、论文版面费、评审鉴定费等支出，不得用于招待费、购置生活用品等与研究内容无关的开支。
希望了解一下启明学院接待制度	启明学院接待制度如何	7	旨在强化启明学院实验班、创新团队和特优生创新思维养成，增强创新能力和创业能力，提高学生的综合素质，培养适应国家发展战略和社会需求的高素质人才。
启明学院接待制度如何	启明学院接待制度如何	7	学院将收回其剩余项目经费集中统筹使用。收回的项目经费应专款专用，仍用于支持大学生科技创新活动。
启明学院是如何培养人才的	启明学院的人才培养特色是什么	8	12层
希望了解启明学院的人才培养特色	启明学院的人才培养特色是什么	8	亮胜楼
启明学院的培养制度有何不同	启明学院的人才培养特色是什么	8	Dian团队全称是“基于导师制的本科人才孵化站”，由刘玉教授于2002年3月创建，植根于华中科技大学电信系，旨在通过真实项目实践培养学生的创新能力、实践精神和综合素质
启明学院的人才培养特色是什么	启明学院的人才培养特色是什么	8	联创团队（Unique Studio）创建于2000年6月。团队秉承不断创新和锐意进取的核心精神，旨在建立一个精英学生的创新和创业平台。团队立足信息技术，积极跟踪技术发展的最前沿，通过承担科研项目、参加科技大赛等形式，激发队员的无限激情和潜能，并积极整合历届队员的资源，共同创造团队和个人的未来。作为一个以兴趣为主导，强调主动实践和自主创新，由学生自发组织、自主运行、自我管理的学生团队，团队已经取得了优异的成绩，成为华中科技大学大学生主动实践的成功典范之一。
创新团队的介绍	启明学院创新团队是什么	9	冰岩作坊是华中科技大学优秀的互联网开发团队。团队成立于1999年，以华中大在线为平台，开发了多彩活动、云U盘、华中大微访谈、校园问答平台iKnow、二手市场、、掌上华中大、华中大校园通等一系列优秀的校园互联网产品。这些产品不仅受到校内师生的一致好评，也引起了校外用户和媒体的广泛关注。
启明学院创新团队有哪些	启明学院创新团队是什么	9	数学建模科技创新基地的前身是1998年成立的“华中理工大学数学建模爱好者协会”。基地面向全校本科学生，以“怀仁博学，精彩建模”为宗旨，以“提高大学生数学建模水平、增强团队协作精神、参加数模大赛、培养自主学习能力、提高科研水平”为目标。通过培训、竞赛和科研，为本科生创造一个“跨学科、创新型、研究型”学习和交流平台，将基地成员培养成数学基础扎实、计算机水平高、考研写作能力强，能够自主发现问题、提出问题、分析问题和解决问题的高素质人才。
启明学院创新团队是什么	启明学院创新团队是什么	9	没有
启明学院特别课程目标是什么	启明学院有哪些特别课程	10	1.启明学院师生赴丹江口与山区儿童共度六一儿童节2.启明学院赴何砦小学慰问留守儿童暨迎新年联欢活动成功开展3.新年送新衣活动等
启明学院开设了哪些创新课程	启明学院有哪些特别课程	10	"为培养拔尖创新人才，探索创新人才培养新模式，为我国高等教育改革发挥示范作用，华中科技大学与业界共同创办""华中科技大学启明学院""。启明学院秉承""明德，厚学，求是，创新""的校训，遵循""育人为本、创新是魂、责任以行""的办学理念，把创新精神和实践能力作为培养拔尖创新人才的核心，致力于培养具有创新能力、创业精神和国际视野的未来杰出人才。"
启明学院有哪些特别课程	启明学院有哪些特别课程	10	"​一、卓越工程师人才培养模式培养未来工程领军人才
二、卓越医生人才培养计划培养未来医学杰出人才
三、基础学科人才培养模式培养未来科技领军人才
四、人文社会学科拔尖创新人才培养模式培养具有国际视野的未来杰出人才
五、交叉学科人才培养模式培养交叉学科创新人才
六、基于项目学习的人才培养模式培养未来信息工程专家
七、基于团队学习的人才培养模式培养具有团队合作精神和项目实践能力的人才
八、基于个性的人才培养模式培养具有自主管理能力和发展潜能的优秀人才
"
启明学院有创客实验平台吗	启明学院创客实验平台是什么	11	"学术机构：教学委员会、学习委员会
行政机构：创新创业管理部、综合办公室、新闻与交流中心、技术支持部
学生组织：创新团队联盟委员会、实验班联合会、特优生联合会、信息中心
校企联合：校企合作委员会、常驻企业单位"
启明学院创客实验平台是什么	启明学院创客实验平台是什么	11	启明学院为学生研究型学习提供特别课程支持，建设方法类、交叉学科类、通识类、综合类等创新教育理论与实践系列化特别课程，将学生宏思维的培养与专业教育相结合，开拓学生视野，培养学生的宏观思维和创新思维。
想了解一下启明学院创新论坛	启明学院创新论坛是什么	12	刘玉老师
启明学院创新论坛是什么	启明学院创新论坛是什么	12	刘玉：教授，硕士导师，Dian团队创始人和负责人（CEO）；钟国辉：电信系讲师，Dian团队CTO，系统分析员；刘合群：北京天文馆研究员，Dian团队医学导师；黄晓庆：中国移动研究院院长，“千人计划”国家特聘专家，Dian团队企业导师；刘勃：副教授，硕士导师；
启明学院的来由	启明学院是何时成立的	13	启明学院的点团队目前已完成了一百三十六个项目。
启明学院的原名是什么	启明学院是何时成立的	13	Dian团队的定位是“基于导师制的人才孵化站”。
启明学院是何时成立的	启明学院是何时成立的	13	一年。
什么是启明之星	"启明之星""的评选宗旨是什么"	14	创业武汉•华科启明之星EIR特训营是由武汉市创业天使导师团、华中科技大学启明学院、共青团华中科技大学委员会、华中科技大学研工部、华中科技大学科技成果转化办公室、华中科技大学校友工作及对外联络办公室主办，华中科技大学国家大学科技园联合主办，联想之星•星云加速器、联想之星•星空人工智能加速器、星云新产业承办，联想之星、蓝驰创投、百度风投、深创投、达晨创投等知名投资机构共同举办。
"启明之星""的评选目标是什么"	"启明之星""的评选宗旨是什么"	14	"创新实验班有：药学创新实验班、产品设计创新实验班、自动化理工交叉创新实验班、管理学创新实验班、基础学科物理学实验班、信息类数理提高班经济学创新实验班、""王大珩""光电创新实验班、基础学科生物学与技术实验班；卓越工程师计划实验班有：集成电路卓越计划实验班、生医卓越计划实验班、电信卓越计划实验班、计算机卓越计划实验班、土木卓越计划实验班、光电卓越计划实验班、电气卓越计划实验班、能源卓越计划实验班、材料卓越计划实验班、机械卓越计划实验班；其他：基于项目的信息类专业教育实验班（种子班​）、临床医学专业中德实验班、产品设计创新实验班"
"启明之星""的评选宗旨是什么"	"启明之星""的评选宗旨是什么"	14	"武汉海峡两岸科技产业园代表来校考察
启明学院赴珠三角地区企业调研
德迅投资有限公司向我校捐赠100万元
机械创新基地与伊顿公司签约成立科创基金
启明学院举办“Windows 8 高校训练营”活动
启明学院一行参观丝宝集团 洽谈加强校企合作"
“启明之星”评选项目有哪些	“启明之星”评选有哪些类别	15	周伟，乐行天下创始人，机械创新基地， 2014年完成1亿人民币B轮融资；付小龙，恋爱记创始人，冰岩作坊，2014年完成1000万人民币A轮融资；汪奕菲，PPTV联合创始人，极豆车联创始人，冰岩作坊，2013年获得4.2亿美金融资，2016年完成5300万人民币A轮融资；汪海兵，淘米科技创始人，冰岩作坊，2011年在美国纽交所上市；宫海涛，大族锐视联合创始人，电工电子科技创新中心，2015年完成3000万人民币天使轮融资等。
“启明之星”评选有哪些类别	“启明之星”评选有哪些类别	15	1、课程学习：美国斯坦福大学暑期/冬季双创课程学习、美国加州大学伯克利分校暑期/冬季双创课程学习、美国哈佛大学暑期双创课程学习、英国曼彻斯特大学暑期课程学习等；2、实习项目：密苏里科技大学EMC实验室暑期实习项目、休斯敦大学ECE系暑期实习项目等；3、夏令营：罗斯豪曼科技夏令营等；4、其他：台湾大同大学暑期研习营等。
什么时候可以评启明之星	“启明之星”评选时间是什么时候	16	启明学院有电工电子实验平台、机械加工实验平台。
“启明之星”评选时间是于每年9-10月进行吗	“启明之星”评选时间是什么时候	16	预约接待系统、研究性学习与项目实践系统、师生交流系统、教室管理系统等。
“启明之星”评选时间是什么时候	“启明之星”评选时间是什么时候	16	"历任领导院长： 
2016.1~2017.10 邵新宇 教授（常务副校长）
2015.7~2015.12 段献忠 教授（常务副校长）
2013.11~2014.12 罗 俊 院士（常务副校长）
2009.2~2013.9 林萍华 教授（常务副校长）
2008.8~2009.2 王   乘 教授（常务副校长）
常务副院长：    
2011.2~2016.12 熊   蕊 教授（教务处常务副处长）
2008.8~2011.2 马建辉 （教务处常务副处长）
副院长：    
2008.8~2017.5 刘   玉 教授（兼）
2008.12~2011.9 甘世斌"
启明学院大学生自主创新项目审查项目的内容	启明学院大学生自主创新项目审查项目的内容	17	Dian团队“每月一善”活动、启明学院师生赴丹江口与山区儿童共度六一儿童节等。
启明学院大学生自主创新项目审查项目的内容	启明学院大学生自主创新项目审查项目的内容	17	李培根、骆清铭、吴昌林、熊蕊、付玲、李箭、叶贤基。
启明学院大学生自主创新项目中，特优生项目的主管部门是谁	启明学院大学生自主创新项目中，特优生项目由哪个部门管理	18	"可通过四种方式联系我们： 学院电话、学院信箱、电子邮件和启明学院接待日联系我们。
联系电话：027-87558300（南三楼综合办公室） 87793421 （亮胜楼创新创业办公室） 传真：027-87793423

通讯地址：湖北省武汉市洪山区珞瑜路1037号 华中科技大学南三楼319/亮胜楼 202 邮编：430074

学院邮箱：qiming@mail.hust.edu.cn

接待日：也可以通过接待日到办公室现场咨询访谈。启明学院每周周日上午设立了接待日，常年由启明学院领导和相关工作人员接待来访师生和家长。接待日的时间一般为每周日上午8:30-11:30，接待地点在东校区亮胜楼202室。值班电话为027-87793421。"
启明学院大学生自主创新项目中，特优生项目由哪个部门管理	启明学院大学生自主创新项目中，特优生项目由哪个部门管理	18	学院在科技创新项目，微软“创新杯”，美国大学生数学建模大赛等方面都有建树。详见http://qiming.hust.edu.cn/cxcg.htm
启明学院大学生自主创新项目中，创新团队项目的主管部门是谁	启明学院大学生自主创新项目中，创新团队项目由哪个部门管理	19	"特优生联合会是特优生自我管理、相互交流的非官方学生组织。其宗旨是增进不同学科专业特优生之间的交流，加强特优生之间的科研合作与学科交叉。通过举办系列学术、创新文化活动，营造浓厚的学习氛围和创新环境，为特优生的成长提供交流的平台。
特优生联合会负责特优生各类活动的策划、实施、通知、宣传等工作，营造浓厚的学习、创新氛围；组织、协调各院系特优生间的工作，加强特优生间学术交流；负责促进跨学科项目团队间合作。"
启明学院大学生自主创新项目中，创新团队项目由哪个部门管理	启明学院大学生自主创新项目中，创新团队项目由哪个部门管理	19	创新团队联盟委员会，实验班联合会，特优生联合会，信息中心等
希望了解一下大学生自主创新项目中期答辩	大学生自主创新项目有中期答辩吗	20	教学委员会和学习委员会
大学生自主创新项目有中期答辩吗	大学生自主创新项目有中期答辩吗	20	校企合作委员会通过学院与企业界的深入合作，培养和挖掘学生主动实践能力和科技创新能力，推进学生科技创新成果或创意转化为现实生产力，为企业的技术进步、产业升级和人才培养提供智力支持。有丝宝集团等企业。
大学生自主创新项目经费可以用于购置生活用品吗	大学生自主创新项目经费可以用于哪些方面？	21	为实践科学发展观，推动创新教育改革，落实启明学院人才培养模式创新实验区改革计划，培养拔尖创新人才。学校定期举办创新教育论坛。
大学生自主创新项目经费可以用于哪些方面？	大学生自主创新项目经费可以用于哪些方面？	21	http://qiming.hust.edu.cn/index.htm
启明学院大学生自主创新项目的价值	启明学院大学生自主创新项目的意义	22	"药学创新实验班 产品设计创新实验班 自动化理工交叉创新实验班 管理学创新实验班 基础学科物理学实验班 信息类数理提高班 经济学创新实验班 ""王大珩""光电创新实验班 基础学科生物学与技术实验班"
启明学院大学生自主创新项目的意义	启明学院大学生自主创新项目的意义	22	集成电路卓越计划实验班 生医卓越计划实验班 电信卓越计划实验班 计算机卓越计划实验班 土木卓越计划实验班 光电卓越计划实验班 电气卓越计划实验班 能源卓越计划实验班 材料卓越计划实验班 机械卓越计划实验班
大创项目逾期未能正常结题验收的项目，怎么办	大创项目逾期未能正常结题验收的项目，如何处理	23	创新创业管理部 综合办公室 新闻与交流中心 技术支持部
大创项目逾期未能正常结题验收的项目，如何处理	大创项目逾期未能正常结题验收的项目，如何处理	23	创新团队联盟委员会 实验班联合会 特优生联合会 信息中心
启明学院有多高	启明学院有多少层楼	24	"2011专利：新型车载测距仪
2011专利：抽吸式取泥器
2011专利：一种智能安防手表
2011专利：一种新型探测车防沙陷结构
2011专利申请：一种基于增强现实技术的交互式实验...
2011专利申请：基于增强现实技术的交互式虚拟教学...
2011专利申请：一种智能化信报箱
2011专利申请：一种智能化市电控制器
2011专利申请：一种智能奶箱
2011专利申请：一种基于Zigbee的无线答题系统"
启明学院有13楼吗	启明学院有多少层楼	24	"2012专利：智能厕所门装置
2012专利：一种航标灯电源
2012专利：一种波浪发电装置
2012专利：新型洗衣粉包装袋
2012专利：无刷直流泥浆涡轮发电机
2012专利：微波加热干衣机
2012专利：水管自动控制装置
2012专利：急慢刹车灯光警示装置
2012专利：基于直线发电机的波浪发电装置
2012专利：基于单片机的脱水自动控制系统2011专利：新型车载测距仪"
启明学院有多少层楼	启明学院有多少层楼	24	"第六期特优生沙龙——青春电影文学大家谈
第五期特优生沙龙——“启明大本营，快乐特优生”圆满落幕
第四期特优生沙龙活动圆满落幕——走近同济
第三期特优生沙龙成功举办——分享保研路上的心路历程
第二期特优生沙龙学生畅聊创业
第一期特优生沙龙活动成功举办"
启明学院在双子楼的哪里	启明学院在双子楼的哪一栋？	25	关于2018年本科特优生导师配备及制定个性化培养方案工作的通知:http://qiming.hust.edu.cn/info/1114/4193.htm
启明学院在双子楼的哪个方位？	启明学院在双子楼的哪一栋？	25	"
微软“创新杯”全球学生大赛（Imagecup）美国大学生数学建模竞赛CCTV机器人大赛ACM国际大学生程序设计竞赛红点设计大赛IF Design Award iF设计大赛德国博朗工业设计大赛“挑战杯”全国大学生课外学术科技作品竞赛“挑战杯”全国大学生创业计划竞赛全国大学生机械创新设计大赛全国大学生电子设计竞赛全国大学生数学建模竞赛全国大学生节能减排社会实践与科技竞赛全国大学生英语竞赛全国大学生水利创新设计大赛中国大学生广告艺术大赛全国计算机仿真大赛全国大学生物理实验竞赛FIRA机器人足球比赛中国模拟联合国大会中国大学生公共关系策划大赛外研社杯全国英语辩论赛全国虚拟仪器设计大赛全国大学生“飞思卡尔”杯智能汽车竞赛美新杯中国MEMS 传感器应用大赛中国机器人大赛暨robocup公开赛ADI中国大学创新设计竞赛21世纪杯全国大学生英语演讲比赛外研社杯（前CCTV杯））全国大学生英语演讲比赛国际大学生物联网创新创业大赛中国大学生物理学术竞赛中南地区机械创新设计大赛湖北省大学生英语演讲比赛湖北省大学生物理实验创新设计竞赛湖北省大学生化学（化工）学术创新成果报告会湖北省普通高校大学生化学实验技能竞赛瑞萨超级MCU模型车大赛欧莱雅工业策划大赛腾讯“校园之星”互联网开发大赛“镇海杯”国际工业设计大赛恩智浦杯创新设计大赛“三井化学杯”大学生化工设计竞赛中国独立游戏节理大国际学生创新挑战赛OpenHW开源硬件与嵌入式大赛"
启明学院在双子楼的哪一栋？	启明学院在双子楼的哪一栋？	25	"
美信DIY大赛第七届全国大学生“飞思卡尔杯”智能汽车竞赛摄像...第七届“飞思卡尔”杯全国大学生智能汽车竞赛光电组全国大学生飞思卡尔杯智能汽车竞赛磁导航平衡组第五届全国大学生节能减排社会实践与科技竞赛“Think Ahead”博世创新挑战赛基于模拟传感器的高速智能循线竞速车模LED、LD物性测试系统基于LabVIEW的车牌识别系统iMove手控无线游戏系统镇海炼化400kt/a醚后碳四制异丁烯项目“情燃创客，梦载江城”《创客》电影整合营销创意...Yeast Artificial Organelle 酵母人工细胞器召唤师艾莉娅 Aria the Summoner水音符OBM活氧呼吸面罩2012年亚太机器人大赛国内选拔赛暨CCTV机器人大赛2012年嵌入式系统专题邀请赛（英特尔杯）-大学生电...智能孵化系统--大学生电子设计竞赛电脑鼠走迷宫模拟电子系统设计专题邀请赛（TI杯）2012ACM-ICPC全国大学生程序设计竞赛论文《The Genetic algorithms in optimization of...论文《石墨烯在Ni(111)表面生长机理的紧束缚计算研...论文《SiC衬底上石墨烯的性质、改性及应用研究》论文《衬底上石墨烯制备及改性研究进展》论文《官能团修饰对MOF-5的气体分子吸附影响》论文《纳米团簇与石墨烯复合结构储锂性能的第一性...论文《形变碳纳米管选择通过性的分子动力学研究》论文《Mutation c.359_363delGTATTinsATAC in the ...论文《Research on finding the ball quickly and ...论文《Polymer-inorganic hybrid microparticles w...论文《Fiber-Based All-Solid-State Flexible Supe...论文《基于真实项目的实践教学体系探索》论文《污泥深度脱水处理与处置工艺的COD及碳减排分...论文《屋顶绿化二氧化碳减排效益的研究》论文《Carrousel氧化沟低污泥浓度运行模式处理餐饮...论文《First-principles study on the synergistic...论文《External Electric Field Induced Oxygen-Dr...论文《Lithium-Decorated Oxidized Porous Graphen...碳足迹系统智能能源管理系统Energy Station基于自由摆的平板控制系统简易数字信号传输性能分析仪论文《智能辅助型电动轮椅系统设计》论文《Effect of Compensated Codoping on the Pho...论文《边缘修饰的石墨烯纳米带电子特性的第一性原...论文《智能便携式农药残留速测系统的研制》论文《用于直流电机驱动的控制算法设计》"
Dian团队是什么	介绍一下启明学院的Dian团队	26	详情见:http://qiming.hust.edu.cn/info/1114/4052.htm
什么是Dian团队	介绍一下启明学院的Dian团队	26	详情见:http://qiming.hust.edu.cn/info/1114/4032.htm
介绍一下启明学院的Dian团队	介绍一下启明学院的Dian团队	26	430074
联创团队是什么	介绍一下启明学院的联创团队	27	027-8755830和027-87793421
什么是联创团队	介绍一下启明学院的联创团队	27	027-87793423
介绍一下启明学院的联创团队	介绍一下启明学院的联创团队	27	qiming@hust.edu.cn
冰岩作坊是什么	介绍一下启明学院的冰岩作坊	28	http://qiming.hust.edu.cn/rrqm/qmxyyk1.htm
什么是冰岩作坊	介绍一下启明学院的冰岩作坊	28	"一、课程代码：1413881
二、学时/学分：32/2
三、开课单位：华工科技企业孵化器
四、课程性质与教学目标
本课程根据《普通本科学校创业教育教育教学基本要求（试行）》文件的要求，按照“创业基础”教学大纲，结合我校创业教育课程开设的经验，秉承以学生为中心的教育的核心思想，围绕普及创业知识、培养创业精神、锻炼创业能力、营造创业氛围、重视创业实践的目标开展教学及实践活动。
本课程在华中科技大学教务处的指导和支持下，由华中科技大学科技企业孵化器负责试点开设，旨在通过校企结合、注重实践、持续培养、社会接轨的模式，突出课程的普及型、互动性、有效性和持续性。
本课程为32学时，2个学分，教学目标如下：
1、使学生掌握开展创业活动所需要的基本知识。认知创业的基本内涵和创业活动的特殊性，辨证地认识和分析创业者、创业机会、创业资源、创业计划和创业项目。
2、使学生具备必要的创业能力。掌握创业资源整合与创业计划撰写的方法,熟悉新企业的开办流程与管理，提高创办和管理企业的综合素质和能力。
3、使学生树立科学的创业观。主动适应国家经济社会发展和人的全面发展需求，正确理解创业与职业生涯发展的关系，自觉遵循创业规律，积极投身创业实践。
五、课程要求和教学方法
本课程是一门理论性、政策性、科学性和实践性很强的课程。本课程通过总结我校多年创业课程教学以及创业辅导上的经验，坚持理论讲授与案例分析相结合、小组讨论与角色体验相结合、经验传授与创业实践相结合，把知识传授、思想碰撞和实践体验有机统一起来，调动学生学习的积极性、主动性和创造性，不断提高教学质量和水平。
六、主讲教师与配套教材
主讲教师一：李娟、方伟
配套教材：
由华中科技大学企业孵化器自主编写并由华中科技大学出版社出版的《科技创业》书籍。"
介绍一下启明学院的冰岩作坊	介绍一下启明学院的冰岩作坊	28	"主任委员：吴昌林
执行主任委员：熊 蕊
副主任委员：叶贤基 吴 波 杨晓非 余龙江 郑俊杰
委员（按姓氏笔画为序）：
王燕舞 吕家高 刘海云 刘 斌 刘泽华 张克中 唐跃进
秦磊华 舒水明 程文青 程邦雄 樊自田 熊克兰（业界代表）"
数学建模创新基地是什么	介绍一下数学建模科技创新基地	29	"主任委员：姜智滨
副主任委员：桂凯 黄俐杰 赵帅 何子同
委员（按姓氏笔画排名）：
方金霞 李振 李浩天 江子文 阮翔宇 杜诚博 杨旭 余扬 吴松燐 林龙 袁升 袁子琪 游浩然 路淑贞 蔡一凡 潘昭鸣"
什么是数学建模创新基地	介绍一下数学建模科技创新基地	29	台湾大同大学
介绍一下数学建模科技创新基地	介绍一下数学建模科技创新基地	29	《社会设计与创新实践》的暑期设计实务营
启明学院周末是否安排课程？	启明学院周末有安排课程吗？	30	十次
启明学院周末有安排课程吗？	启明学院周末有安排课程吗？	30	中国工程院院士、原华中科技大学校长李培根、大疆创新董事长、香港科技大学教授李泽湘等人出席了论坛。
启明学院有公益活动吗？	启明学院有哪些公益活动？	31	为实践科学发展观，推动创新教育改革，落实启明学院人才培养模式创新实验区改革计划，培养拔尖创新人才。学校定期举办创新教育论坛。
启明学院有哪些公益活动？	启明学院有哪些公益活动？	31	创新项目，学科竞赛，发明专利，学术成果，创业成果
设立启明学院的目的？	为什么设立启明学院？	32	微软创新杯多次进入全球总决赛。全国大学生电子竞赛，智能车竞赛等等比赛中均取得过好成绩。
为什么设立启明学院？	为什么设立启明学院？	32	基于项目的信息类专业教育实验班（简称种子班）创办于2006年，目前已招生8届，每届1个自然班20～30人，独立建班。在信息大类各专业二年级学生中进行选拔，择优录取思想品德好、学习态度端正、成绩优良、热爱动手实践、具有较强自主学习能力的学生进入该实验班，实行淘汰机制。
启明学院特殊的培养模式	启明学院有哪些培养模式？	33	"1.启明学院学生，包括在校各类实验班学生、创新团队学生、特优生；

2.具有高尚的爱国主义情操和集体主义精神，社会主义信念坚定，社会责任感强，遵纪守法，积极向上；

3.勤奋学习，刻苦钻研，成绩优良，有较强的创新意识、创新能力；

4.学风端正，诚实守信，无任何考试作弊和剽窃他人学术成果记录；

5.品行表现优良，无任何违法违纪处分记录；

6.取得突出成果、做出重要贡献。"
想了解一下启明学院培养模式	启明学院有哪些培养模式？	33	"1.""启明之星""荣誉奖章和证书；

2.在达到我校遴选推免生基本条件的前提下，可获得推荐免试攻读我校硕士学位的资格。

3.获得启明之星奖学金。"
启明学院的培养模式有何不同	启明学院有哪些培养模式？	33	为实践科学发展观，推动创新教育改革，落实启明学院人才培养模式创新实验区改革计划，培养拔尖创新人才。学校定期举办创新教育论坛。
启明学院有哪些培养模式？	启明学院有哪些培养模式？	33	教学委员会的职责是审议启明学院创新教育教学工作的重要环节（包括人才培养计划、课程标准、课程建设等）和有关教学工作，监督、指导启明学院的教学工作，促进启明学院创新教育教学工作的科学化决策，贯彻以学生为中心教育理念，加强与业界的紧密结合，保证拔尖创新人才的培养质量。
启明学院的机构	启明学院设有哪些机构？	34	"主任委员：林萍华

副主任委员：许晓东 马建辉 吴昌林

委员（按姓氏笔画为序）：马学礼 毛柏青 皮宇博 石长顺 刘 岩 刘海云 刘 斌 孙雅量 许明武 吴 枫 何俊佳 吴 波 吴雄文 张祥林 张 猛 杨晓非 周艳红 郑 军 秦肖臻 黄瑞光 曾 纳 熊曹水"
启明学院设有学术机构吗？	启明学院设有哪些机构？	34	"主任委员：吴昌林

执行主任委员：熊 蕊

副主任委员：叶贤基 吴 波 杨晓非 余龙江 郑俊杰

委员（按姓氏笔画为序）：

王燕舞 吕家高 刘海云 刘 斌 刘泽华 张克中 唐跃进

秦磊华 舒水明 程文青 程邦雄 樊自田 熊克兰（业界代表）"
启明学院的行政机构设置是怎么样的	启明学院设有哪些机构？	34	学习委员会成员由启明学院创新实验班、创新团队、学习特优生代表组成。
启明学院设有哪些机构？	启明学院设有哪些机构？	34	学习委员会的职责是了解和反映学校在拔尖创新人才培养中存在的问题；负责收集各类教学信息，定期向启明学院汇报，是学校、老师和学生中的信息枢纽；促进启明学院学生自主学习、自主设计、自主管理；围绕学生思想、校园生活、以及学生关注的话题开展广泛深入的调研，为相关部门和广大同学提供决策和成才成长服务。
启明学院的课程有哪些	​启明学院特别的课程涉及到哪些方面？	35	"主任委员：汪喆

副主任委员：刘友斌 郭龙

委员（按姓氏笔画排名）：

王欣 方志伟 田晓睿 刘文武 刘文浩 刘波 刘瑜博 李键铭 宋冠男 陈志群 罗清璟 袁园 桂翔 曹洋 彭斌 鲁运新"
启明学院有什么课程	​启明学院特别的课程涉及到哪些方面？	35	"主任委员：姜智滨

副主任委员：桂凯 黄俐杰 赵帅 何子同

委员（按姓氏笔画排名）：

方金霞 李振 李浩天 江子文 阮翔宇 杜诚博 杨旭 余扬 吴松燐 林龙 袁升 袁子琪 游浩然 路淑贞 蔡一凡 潘昭鸣"
​启明学院特别的课程涉及到哪些方面？	​启明学院特别的课程涉及到哪些方面？	35	校企合作委员会通过学院与企业界的深入合作，培养和挖掘学生主动实践能力和科技创新能力，推进学生科技创新成果或创意转化为现实生产力，为企业的技术进步、产业升级和人才培养提供智力支持。
启明学院的Dian团队是由哪个老师成立的？	启明学院的Dian团队是由谁成立的？	36	丝宝集团董事长梁亮胜先生
启明学院的Dian团队是由谁成立的？	启明学院的Dian团队是由谁成立的？	36	明德，厚学，求是，创新
启明学院的Dian团队导师有哪些？	启明学院的Dian团队有哪些导师？	37	育人为本、创新是魂、责任以行
启明学院的Dian团队有哪些导师？	启明学院的Dian团队有哪些导师？	37	咨询委员会 教学委员会 创新团队联盟委员会
启明学院有完成项目吗	启明学院的Dian团队目前大约已完成了多少项目？	38	2012-06-13 00:00:00
Dian团队已完成了多少项目？	启明学院的Dian团队目前大约已完成了多少项目？	38	"
2009年5月22日，启明学院基础课教学改革研讨会召开，启明机械创新基地、电工电子科技创新中心、Dian团队、计算材料科学与测量模拟中心、控制科学与工程系智能机器人及智能系统仿真科技创新基地、数模科技创新基地、华中科技大学物理实验创新基地、化学与化工学院创新基地、生命科学与技术学院大学生科技创新基地、经济学院大学生调查研究中心、新闻学院红树林策划创意团队、第一临床学院医用图像系统研究团队、基础医学院科技创新团队、联创团队、冰岩作坊、记者团、外国语学院3-C团队、GNG团队、新能源与节能减排"
启明学院的Dian团队目前大约已完成了多少项目？	启明学院的Dian团队目前大约已完成了多少项目？	38	点击浏览器的收藏按钮或者直接点击启明学院官网右上角的加入收藏即可
什么是启明学院Dian团队的定位？	启明学院Dian团队的定位是什么？	39	Qiming College of Huazhong University of Science  and Technology
启明学院Dian团队的定位是什么	启明学院Dian团队的定位是什么？	39	为加强与学校师生和社会的沟通与交流，倾听各方面意见和建议，查找和解决拔尖创新人才培养中的实际问题，营造良好的育人氛围，启明学院决定设立院长信箱（qiming@mail.hust.edu.cn）并对外公开。为充分发挥院长信箱的作用，加强管理，特制定本办法。详情见学校官网
启明学院Dian团队的定位是什么？	启明学院Dian团队的定位是什么？	39	"李培根，男，汉族，1948年生，湖北人。教授，博士生导师。中共十七大代表，第十一届全国人大代表。2003年12月当选为中国工程院院士，现任华中科技大学校长。
1981年在华中工学院（现华中科技大学）获得硕士学位，1983年赴美留学，1987年在威斯康辛-麦迪逊大学获得博士学位。
曾任华中科技大学机械学院院长、副校长，国家863／CIMS主题、国家863／机器人技术主题专家组成员，国家863先进制造及自动化领域专家委成员，现为中国机械工程学会副理事长，教育部机械工程教学指导委员会主任委员。"
启明之星是每年评选一次吗？	启明之星多长时间评选一次？	40	启明学院大学生志愿服务计划，创业红娘公益组织
启明之星多长时间评选一次？	启明之星多长时间评选一次？	40	启明学院的人才培养对象，是根据学生自愿的原则，从华中科技大学各年级学生中选拔具有创新意识和实践能力的高素质本科生。各院（系）学生创新团队和特优（长）生可进入启明学院。
2018创业武汉•华科启明之星EIR特训营室举办方是谁？	2018创业武汉•华科启明之星EIR特训营室友哪些单位举办的？	41	启明学院为若干创新实验班和学生团队提供政策支持和条件保障，包括：与业界紧密合作的创新实验班，基于项目的创新实验班，各学科提高班，医工理复合型人才创新实验班，本硕博连续培养创新实验班以及学生创新团队等。
2018创业武汉•华科启明之星EIR特训营室友哪些单位举办的？	2018创业武汉•华科启明之星EIR特训营室友哪些单位举办的？	41	启明学院为学生研究型学习、主动实践、创新训练、学术交流等活动提供自主发展的平台及各类资源，包括：综合类课程，方法类课程，特别外语训练环境，各种学术交流平台，实验（实践）研究平台，创业指导，为创新活动提供特别学分，向社会和业界推荐毕业生，对外联系教学及实践资源。
启明学院的特色班	启明学院有哪些实验班？	42	为保证接待效果，每批次接待来访人员原则上不超过30人，超过30人的单独批次接待。不足30人的，若干来访单位合并接待。详情请见 http://qiming.hust.edu.cn/content.jsp?urltype=news.NewsContentUrl&wbtreeid=1114&wbnewsid=1226 。
启明学院实验班类别有哪些	启明学院有哪些实验班？	42	预约接待时，来访单位联系人员按照以下流程预约接待程序：来访单位填写来访信息登记表，连同来访函（单位盖章）扫描件发启明学院邮箱（邮箱地址附后）→启明学院审核并及时邮件反馈预约结果→双方电话沟通联系并拟定接待方案→双方领导确认接待方案→开出预约接待单→执行接待方案→相关资料存档。详情请见 http://qiming.hust.edu.cn/content.jsp?urltype=news.NewsContentUrl&wbtreeid=1114&wbnewsid=1226 。
启明学院有哪些实验班？	启明学院有哪些实验班？	42	"刘玉，女，生于1957年5月，山西省人。中共党员，教授，硕士研究生导师，启明学院副院长。1984年9月毕业于华中理工大学通信与电子系统专业并留校任教。研究方向为计算机信息安全、嵌入式系统设计、多媒体通信技术。讲授《数据结构》、《软件技术》等课程。科研上，主持并完成的科研课题超过100项，科研经费超过1000万元。 [1] 
 其创建的本科人才孵化站（Dian团队）闻名全省，人才辈出，贝贝网成立9个月便成为独角兽 [2]  ，两名队员荣登福布斯“30位30岁以下创业者” [3]  …… 2003年获湖北省高教系统“三育人奖”，2004年荣获湖北省“五一劳动奖章”和“全国师德先进个人”。
 2015年3月，刘玉成立“创业红娘工作室”（后于2016年1月正式更名为“武汉市洪山区创业红娘公益服务中心”） [4]  ，义务为优创业项目与投资机构牵线搭桥。她以“人靠谱、事落实、有情怀”的扎实作风和出色业绩获得创投双方高度好评，迅速形成“创业红娘”新品牌。因对双创工作的突出贡献，荣登“中国好人榜”，并获“武汉市三八红旗手标兵”、“荆楚楷模”、“感动江城年度人物”、“长江日报年度人物”等称号，事迹先后被《光明日报》、《人民网》等多家媒体报道。"
启明学院有和企业合作过吗	启明学院有哪些校企合作？	43	美国斯坦福大学暑期/冬季双创课程学习,该项目浓缩了斯坦福大学最具特色和优势的创新与创业课程，结合斯坦福大学顶尖计算机、互联网、工程研究与商业平台，同时会根据学生和学校的背景定制化设计与学术配套相关的交流内容，以便同学深入了解斯坦福及硅谷文化，并充分探索斯坦福学校和硅谷地区最为著名的机构和企业,斯坦福大学，全称小利兰·斯坦福大学（Leland Stanford Junior University），于1891年由诗人加州参议院寄州长的铁路大亨利兰·斯坦福和他的妻子简·莱斯罗誉·斯坦福创办。这是为了纪念他们因伤寒耳语十六岁生日前夕去世的儿子（小利兰·斯坦福）。
启明学院有校企合作吗？	启明学院有哪些校企合作？	43	美国加州大学伯克利分校暑期/冬季双创课程学习,该项目浓缩了加州大学伯克利分校最为著名的工程与技术方向的课程，同时根据学生的课程定制化设计与学术匹配相关的交流内容，以便同学深入了解伯克利的技术成就及硅谷文化，并充分探索旧金山湾区和硅谷地区最为著名的机构和企业。专业核心课程由加州大学伯克利分校研究组设计、准备和讲授。每次的课后辅导，均由博士后研究员或博士生讲解。课程主题为前沿工程与技术发展为主题，氛围6-8个课题，帮助同学们在交流期间深入获取相关领域的研究成绩。加州大学伯克利分校（Cal）创建于1868年，是世界上最杰出及最负盛名的高等公立学府之一，也是加利福尼亚大学系统的第一所大学，更是美国大学协会的创始会员之一。
那些企业与启明学院合作过	启明学院有哪些校企合作？	43	美国哈佛大学暑期双创课程学习。本课程融合生物、医学、科技、商业四个主题,运用多层次渐进探究式的教学方法和基于项目的探究式学习，以学生自身的专业基础理论为基础，通过一系列的生命科学、前沿科技和商业应用的课程，灵活运用批判性思维，让学生了解前沿科技的发展动态，发掘自身潜能，培养学生勇于质疑的创新精神，使学生具备独立推理与反思、分析与解决间题的能力，激发学生的探究学习动机，为学生深造打下基础。哈佛大学( Harvard University)，简称哈佛，坐落于美国马萨诸塞州剑桥市，是一所享誉世界的私立研究型大学，是著名的常春藤联盟校成员。哈佛走出了8位美利坚合众国总统，上百位诺贝尔获得者曽在此工作、学习,其在文学、医学、法学、商学等多个领域拥有崇高的学术地位和广泛的影响力，被公认为是当今世界最顶尖的高等教育机构之一。
启明学院有哪些校企合作？	启明学院有哪些校企合作？	43	英国曼彻斯特大学暑期课程学习。英国曼彻斯特大学暑期课程学习项目，其课程的设计更偏重实际应用和职场指导。课程以小组项目方式完成实践，小组活动内容包括：互动交流，项目合作，团队精神。4周课程将获得曼彻斯特大学近20个学分。曼彻斯特大学（The University of Manchester是英国著名的六所“红砖大学”之一，全球一流的科研与教学机构之一，在国际上享有很高声誉，校友中共有25位诺贝尔奖得主。现任全职教职员中有3位诺贝尔奖得主，为全英之冠。曼彻斯特大学在2015/16QS世界大学排名中，位居欧洲第10名、全球第33名。
启明学院的知名校友	启明学院出了哪些知名成功创业人士？	44	密苏里科技大学EMC实验室暑期实习项目。密苏里科技大学电磁兼容实验室作为全美同类实验室中排名第一的科研机构，2013年11月与启明学院签订关于学生交流的协议，旨在加强高水平学生的培养，为学生培养提供多元化的培养方案。电磁兼容实验每年夏季负责接纳5～6名我校学生（以大三本科生为主）前往进行项目实习工作，实习时间不少于3个月。该项目获国家留学基金委资助。密苏里科技大学成立于1870年，是西密西西比地区第一所技术类学校。前身为密苏里矿业和冶金学院（Missouri School of Mines and Metallurgy）主要致力于采矿和冶金方面的研究。后逐步发展成为集土木、电子、机械、化工等等多学科于一体的综合性大学。其能源、土木、材料等学科处于全美前列，采矿工程学科排名全美第二，办学历史悠久，科研实力雄厚。
启明学院出了名人？	启明学院出了哪些知名成功创业人士？	44	休斯敦大学ECE系暑期实习项目。休斯敦大学ECE系实习项目源于我校电信系校友陈戟博士的大力推介，于2014年5月与启明学院签订关于学生交流的协议，旨在加强高水平学生的培养，休斯敦大学ECE系每年夏季负责接纳5～6名我校学生（以大三本科生为主）前往进行项目实习工作，实习时间不少于3个月。该项目获国家留学基金委资助。休斯敦大学University of Huston成立于1927年，坐落在休斯敦市中心，有81年历史，在教学和研究方面是德州最好的大学之一。该校以研究多样性著称于全美。
启明学院有哪些优秀毕业生	启明学院出了哪些知名成功创业人士？	44	罗斯豪曼科技夏令营源于我校校友宋建建教授的联系，自2010年起，启明学院每年暑假选派一名老师和七名学生赴美参加该校为期三周极富特色的暑期科技夏令营活动。师生们以观察员身份亲身感受美国工程名校“主动实践”的教学方式，在美方教师指导下，协助美国学生利用三周时间完成一个工程实践项目。在合作与交流中，促进东西方文化融合，培养学生国际视野。罗斯豪曼理工学院（Rose–Hulman Institute of Technology）位于美国印第安纳州Terre Haute市，成立于1874年，其前身为Rose Polytechnic Institute，是一所私立的四年制理工科类学校。超一流理工学院，在全世界理工教育界都享有极高声誉。其本科生工程教育连续14年被US News & World Report评为全美第一，被Barron’S Guide评为美国最具竞争力的大学。
启明学院出了哪些知名成功创业人士？	启明学院出了哪些知名成功创业人士？	44	华中科技大学机械学院硕士研究生毕业，前宝洁中国区市场总监。知青年教育创始人，参与创办FabLab Wuhan与FabLab HUST，韩青江长期从事青少年创客教育和研究。《实现创意与梦想：数字化个人制造How To Make Almost Anything》的授课教师
启明学院是如何与国际接轨的	启明学院有哪些国际交流活动？	45	
启明学院有国际交流活动吗？	启明学院有哪些国际交流活动？	45	
启明学院有哪些国际交流活动？	启明学院有哪些国际交流活动？	45	
启明学院有电工电子实验平台吗？	启明学院有哪些创客实践平台？	46	
启明学院有哪些创客实践平台？	启明学院有哪些创客实践平台？	46	
启明学院的网站上有师生交流系统吗?	启明学院的网站上设置了哪些常用系统?	47	
启明学院的网站上设置了哪些常用系统?	启明学院的网站上设置了哪些常用系统?	47	
刘玉担任过启明学院领导吗？	启明学院的历任领导有哪些？	48	
启明学院的历任领导有哪些？	启明学院的历任领导有哪些？	48	
启明学院的Dian团队有哪些公益活动？	启明学院的Dian团队有哪些公益活动？	49	
启明学院《工程导论》课程的主讲教师有谁？	启明学院《工程导论》课程的主讲教师有谁？	50	
如何联系到启明学院	启明学院的联系方式是什么？	51	
如何联系启明学院	启明学院的联系方式是什么？	51	
启明学院的联系方式是什么？	启明学院的联系方式是什么？	51	
启明学院创新成果有哪些？	启明学院创新成果有哪些？	52	
启明学院的特优生联合会是什么？	启明学院的特优生联合会是什么？	53	
启明学院有哪些学生组织？	启明学院有哪些学生组织？	54	
启明学院有哪些学术机构？	启明学院有哪些学术机构？	55	
启明学院校企合作委员会是什么？	启明学院校企合作委员会是什么？	56	
启明学院为什么要举办创新论坛？	启明学院为什么要举办创新论坛？	57	
启明学院有官网吗	启明学院官网的网址？	58	
启明学院官网的网址？	启明学院官网的网址？	58	
启明学院有哪些创新实验班	启明学院的创新实验班	59	
启明有创新班吗	启明学院的创新实验班	59	
启明学院的创新实验班	启明学院的创新实验班	59	
启明有卓越计划实验班吗	卓越工程师计划实验班	60	
卓越工程师计划实验班	卓越工程师计划实验班	60	
启明学院有哪些行政机构	启明学院的行政机构	61	
启明学院的行政机构	启明学院的行政机构	61	
启明学院有学生组织吗	启明学院的学生组织	62	
启明学院的学生组织	启明学院的学生组织	62	
启明学院有哪些专利	启明学院2011年的专利	63	
启明学院2011年的专利	启明学院2011年的专利	63	
启明学院2012年的专利	启明学院2012年的专利	64	
启明学院有哪些有趣的活动	启明学院的沙龙活动	65	
启明学院的沙龙活动	启明学院的沙龙活动	65	
启明学院特优生导师配备	启明学院特优生导师配备	66	
启明学院的学科竞赛	启明学院做过哪些学科竞赛	67	
启明学院做过哪些学科竞赛	启明学院做过哪些学科竞赛	67	
启明学院有哪些科研成果	启明学院有哪些学术成果	68	
启明学院有哪些学术成果	启明学院有哪些学术成果	68	
入选全校示范性学生创新团队名单	入选全校示范性学生创新团队名单	69	
创新与创业管理辅修专业	创新与创业管理辅修专业	70	
启明学院的邮编是多少？	启明学院的邮编是多少？	71	
启明学院的电话是多少？	启明学院的电话是多少？	72	
启明学院的传真是多少？	启明学院的传真是多少？	73	
启明学院的邮箱是多少？	启明学院的邮箱是多少？	74	
启明学院的院刊网址	启明学院院刊怎么查看？	75	
启明学院院刊怎么查看？	启明学院院刊怎么查看？	75	
启明学院特别课程创业概论的介绍	启明学院特别课程创业概论的介绍	76	
启明学院现任教学委员会成员有哪些？	启明学院现任教学委员会成员有哪些？	77	
启明学院现任学习委员会成员有哪些？	启明学院现任学习委员会成员有哪些？	78	
启明学院与台湾哪所高校进行交流互动？	启明学院与台湾哪所高校进行交流互动？	79	
启明学院与台湾大同大学合作开设了什么课程？	启明学院与台湾大同大学合作开设了什么课程？	80	
启明学院至今位置已经举办过多少期教育论坛活动了？	启明学院至今位置已经举办过多少期教育论坛活动了？	81	
启明学院第十期教育论坛有哪些重量级人物出席了？	启明学院第十期教育论坛有哪些重量级人物出席了？	82	
启明学院举办教育论坛的目的是什么？	启明学院举办教育论坛的目的是什么？	83	
启明学院有创新成果大致有哪几种	启明学院有创新成果大致有哪几种	84	
启明学院有什么突出的表现	启明学院在历年学科竞赛有哪些好的成绩	85	
启明学院在历年学科竞赛有哪些好的成绩	启明学院在历年学科竞赛有哪些好的成绩	85	
启明学院种子班是啥	启明学院种子班是啥	86	
如何才能成为启明学院的启明之星	启明学院启明之星标准	87	
启明学院启明之星标准	启明学院启明之星标准	87	
启明之星有什么好处	" 获得""启明之星""称号的学生荣誉与奖励"	88	
" 获得""启明之星""称号的学生荣誉与奖励"	" 获得""启明之星""称号的学生荣誉与奖励"	88	
启明学院创新论坛作用	启明学院创新论坛作用	89	
启明学院教学委员会的职责	启明学院教学委员会的职责	90	
启明学院第一届教学委员会名单有谁？	启明学院第一届教学委员会名单有谁？	91	
启明学院现今的教学委员会有谁？	启明学院现今的教学委员会有谁？	92	
启明学院学习委员会由谁组成？	启明学院学习委员会由谁组成？	93	
启明学院学习委员会的职责是？	启明学院学习委员会的职责是？	94	
启明学院第一届学习委员会有谁？	启明学院第一届学习委员会有谁？	95	
启明学院第二届学习委员会有谁？	启明学院第二届学习委员会有谁？	96	
启明学院校企合作委员会的职责	启明学院校企合作委员会的职责	97	
启明学院永久名誉院长	启明学院永久名誉院长	98	
启明学院有校训吗	启明学院校训	99	
启明学院校训	启明学院校训	99	
启明学院有办学理念吗	启明学院办学理念	100	
启明学院办学理念	启明学院办学理念	100	
启明学院学术机构	启明学院学术机构	101	
华中科技大学特优生第一届创新年会举办时间	华中科技大学特优生第一届创新年会举办时间	102	
第一届启明创新团队联盟	第一届启明创新团队联盟	103	
如何将华中科技大学启明学院官网加入收藏	如何将华中科技大学启明学院官网加入收藏	104	
启明学院的别名	华中科技大学启明学院的英文全称叫什么	105	
华中科技大学启明学院的英文全称叫什么	华中科技大学启明学院的英文全称叫什么	105	
如何联系启明学院院长	华中科技大学启明学院院长信箱	106	
华中科技大学启明学院院长信箱	华中科技大学启明学院院长信箱	106	
李培根	李培根	107	
启明学院设有哪些社会公益服务项目？	启明学院设有哪些社会公益服务项目？	108	
启明学院的人才培养对象是什么？	启明学院的人才培养对象是什么？	109	
启明学院为创新创业团队和实验班提供什么资源？	启明学院为创新创业团队和实验班提供什么资源？	110	
启明学院为学生提供了什么	启明学院为学生课程训练提供什么资源？	111	
启明学院为学生课程训练提供什么资源？	启明学院为学生课程训练提供什么资源？	111	
启明学院接待有人数要求吗？	启明学院接待有人数要求吗？	112	
如何走访启明学院	启明学院的接待流程是怎么样的？	113	
启明学院的接待流程是怎么样的？	启明学院的接待流程是怎么样的？	113	
Dian团队的创始人	刘玉	114	
刘玉	刘玉	114	
美国斯坦福大学课程	美国斯坦福大学课程	115	
美国加州大学伯克力分校的课程	美国加州大学伯克力分校的课程	116	
美国哈佛大学暑期课程	美国哈佛大学暑期课程	117	
英国曼彻斯特大学暑期课程	英国曼彻斯特大学暑期课程	118	
启明学院的密苏里科技大学EMC实验室暑期实习项目	启明学院的密苏里科技大学EMC实验室暑期实习项目	119	
休斯敦大学ECE系暑期实习项目	休斯敦大学ECE系暑期实习项目	120	
罗斯豪曼科技夏令营	罗斯豪曼科技夏令营	121	
韩青江	韩青江	122	
